Id,ContractName,EnteredAt,ExitedAt,EntryPrice,ExitPrice,Fees,PnL,Size,Type,TradeDay,TradeDuration
1033119580,MNQM5,06/13/2025 15:52:34 +01:00,06/13/2025 15:52:41 +01:00,21711.750000000,21714.000000000,0.74000,-4.500000000,1,Short,06/13/2025 00:00:00 -05:00,00:00:06.8376610
1033118081,MNQM5,06/13/2025 15:51:30 +01:00,06/13/2025 15:52:28 +01:00,21701.250000000,21711.000000000,0.74000,19.500000000,1,Long,06/13/2025 00:00:00 -05:00,00:00:58.0823130
1033302360,MNQM5,06/13/2025 15:55:20 +01:00,06/13/2025 16:16:28 +01:00,21753.250000000,21760.500000000,0.74000,14.500000000,1,Long,06/13/2025 00:00:00 -05:00,00:21:07.1197390
1063051560,MNQU5,06/24/2025 14:46:49 +01:00,06/24/2025 14:52:41 +01:00,22325.250000000,22294.000000000,0.74000,62.500000000,1,Short,06/24/2025 00:00:00 -05:00,00:05:52.4602220
1063051562,MNQU5,06/24/2025 14:46:56 +01:00,06/24/2025 14:52:41 +01:00,22322.250000000,22294.000000000,0.74000,56.500000000,1,Short,06/24/2025 00:00:00 -05:00,00:05:45.6732010
1063051563,MNQU5,06/24/2025 14:46:59 +01:00,06/24/2025 14:52:41 +01:00,22322.250000000,22294.000000000,0.74000,56.500000000,1,Short,06/24/2025 00:00:00 -05:00,00:05:42.5932890
1033781803,MNQM5,06/13/2025 16:20:24 +01:00,06/13/2025 17:46:20 +01:00,21768.000000000,21811.000000000,0.74000,-86.000000000,1,Short,06/13/2025 00:00:00 -05:00,01:25:56.2853020
1033781808,MNQM5,06/13/2025 17:27:22 +01:00,06/13/2025 17:46:20 +01:00,21827.500000000,21811.000000000,0.74000,33.000000000,1,Short,06/13/2025 00:00:00 -05:00,00:18:57.6374570
1033824285,MNQM5,06/13/2025 17:27:50 +01:00,06/13/2025 17:55:37 +01:00,21831.500000000,21830.000000000,0.74000,3.000000000,1,Short,06/13/2025 00:00:00 -05:00,00:27:47.3007440
1033824288,MNQM5,06/13/2025 17:31:03 +01:00,06/13/2025 17:55:37 +01:00,21828.250000000,21830.000000000,0.74000,-3.500000000,1,Short,06/13/2025 00:00:00 -05:00,00:24:34.2033470
1033896601,MNQM5,06/13/2025 18:01:24 +01:00,06/13/2025 18:10:41 +01:00,21825.250000000,21796.500000000,0.74000,57.500000000,1,Short,06/13/2025 00:00:00 -05:00,00:09:17.5825820
1033907162,MNQM5,06/13/2025 18:12:05 +01:00,06/13/2025 18:12:09 +01:00,21780.750000000,21780.750000000,11.10000,0.000000000,15,Short,06/13/2025 00:00:00 -05:00,00:00:03.7550900
1033947530,MNQM5,06/13/2025 18:15:28 +01:00,06/13/2025 18:17:08 +01:00,21785.500000000,21764.000000000,11.10000,645.000000000,15,Short,06/13/2025 00:00:00 -05:00,00:01:40.8365960
1070709085,MNQU5,06/26/2025 07:28:41 +01:00,06/26/2025 07:38:34 +01:00,22520.250000000,22520.500000000,2.22000,-1.500000000,3,Short,06/26/2025 00:00:00 -05:00,00:09:53.2182280
1034023365,MNQM5,06/13/2025 18:24:53 +01:00,06/13/2025 18:31:52 +01:00,21800.500000000,21788.250000000,0.74000,24.500000000,1,Short,06/13/2025 00:00:00 -05:00,00:06:58.5276310
1034023366,MNQM5,06/13/2025 18:30:47 +01:00,06/13/2025 18:31:52 +01:00,21776.000000000,21788.250000000,0.74000,-24.500000000,1,Short,06/13/2025 00:00:00 -05:00,00:01:04.5209660
1034064004,MNQM5,06/13/2025 18:33:01 +01:00,06/13/2025 18:42:17 +01:00,21783.500000000,21778.000000000,0.74000,11.000000000,1,Short,06/13/2025 00:00:00 -05:00,00:09:16.3407700
1034078074,MNQM5,06/13/2025 18:36:01 +01:00,06/13/2025 18:44:28 +01:00,21775.250000000,21758.250000000,0.74000,34.000000000,1,Short,06/13/2025 00:00:00 -05:00,00:08:26.7175620
1021740949,MNQM5,06/11/2025 11:05:17 +01:00,06/11/2025 12:15:48 +01:00,21926.000000000,21898.750000000,0.74000,-54.500000000,1,Long,06/11/2025 00:00:00 -05:00,01:10:31.3182730
1021740954,MNQM5,06/11/2025 11:12:02 +01:00,06/11/2025 12:15:48 +01:00,21929.750000000,21898.750000000,0.74000,-62.000000000,1,Long,06/11/2025 00:00:00 -05:00,01:03:46.1007770
1053032135,MNQU5,06/20/2025 14:02:46 +01:00,06/20/2025 14:19:02 +01:00,22039.000000000,22038.250000000,0.74000,1.500000000,1,Short,06/20/2025 00:00:00 -05:00,00:16:16.4907900
1070853321,MNQU5,06/26/2025 08:28:06 +01:00,06/26/2025 09:16:47 +01:00,22529.000000000,22560.250000000,2.22000,-187.500000000,3,Short,06/26/2025 00:00:00 -05:00,00:48:40.8560260
1034163013,MNQM5,06/13/2025 19:04:15 +01:00,06/13/2025 19:04:15 +01:00,21748.000000000,21754.750000000,11.10000,-202.500000000,15,Short,06/13/2025 00:00:00 -05:00,00:00:00.2818550
1034184813,MNQM5,06/13/2025 19:07:17 +01:00,06/13/2025 19:08:03 +01:00,21748.250000000,21748.250000000,11.10000,0.000000000,15,Short,06/13/2025 00:00:00 -05:00,00:00:45.8285060
1034189959,MNQM5,06/13/2025 19:08:35 +01:00,06/13/2025 19:09:05 +01:00,21745.500000000,21745.500000000,11.10000,0.000000000,15,Short,06/13/2025 00:00:00 -05:00,00:00:29.9093510
1027497691,MNQM5,06/12/2025 14:55:35 +01:00,06/12/2025 14:56:47 +01:00,21864.000000000,21863.750000000,0.74000,-0.500000000,1,Long,06/12/2025 00:00:00 -05:00,00:01:11.9295930
1034196826,MNQM5,06/13/2025 19:09:11 +01:00,06/13/2025 19:10:35 +01:00,21737.250000000,21740.500000000,11.10000,-97.500000000,15,Short,06/13/2025 00:00:00 -05:00,00:01:24.1193150
1021835554,MNQM5,06/11/2025 12:35:55 +01:00,06/11/2025 13:04:24 +01:00,21917.500000000,21978.500000000,0.74000,122.000000000,1,Long,06/11/2025 00:00:00 -05:00,00:28:28.8296840
1021835556,MNQM5,06/11/2025 12:39:24 +01:00,06/11/2025 13:04:24 +01:00,21914.000000000,21978.500000000,0.74000,129.000000000,1,Long,06/11/2025 00:00:00 -05:00,00:25:00.6536600
1063473260,MNQU5,06/24/2025 15:27:06 +01:00,06/24/2025 15:30:10 +01:00,22315.750000000,22314.500000000,0.74000,2.500000000,1,Short,06/24/2025 00:00:00 -05:00,00:03:03.3205870
1063473263,MNQU5,06/24/2025 15:27:35 +01:00,06/24/2025 15:30:10 +01:00,22313.500000000,22314.500000000,0.74000,-2.000000000,1,Short,06/24/2025 00:00:00 -05:00,00:02:34.4781060
1034221591,MNQM5,06/13/2025 19:11:32 +01:00,06/13/2025 19:15:26 +01:00,21738.250000000,21706.750000000,11.10000,945.000000000,15,Short,06/13/2025 00:00:00 -05:00,00:03:53.9546590
1070955040,MNQU5,06/26/2025 09:37:16 +01:00,06/26/2025 10:40:54 +01:00,22575.250000000,22550.500000000,2.22000,148.500000000,3,Short,06/26/2025 00:00:00 -05:00,01:03:37.8181060
1070981913,MNQU5,06/26/2025 11:10:01 +01:00,06/26/2025 11:10:09 +01:00,22556.000000000,22556.500000000,2.22000,-3.000000000,3,Short,06/26/2025 00:00:00 -05:00,00:00:07.9626880
1027644932,MNQM5,06/12/2025 15:02:59 +01:00,06/12/2025 15:07:14 +01:00,21861.000000000,21871.500000000,0.74000,-21.000000000,1,Short,06/12/2025 00:00:00 -05:00,00:04:14.5001980
1063545864,MNQU5,06/24/2025 15:37:39 +01:00,06/24/2025 15:40:43 +01:00,22319.500000000,22319.000000000,0.74000,1.000000000,1,Short,06/24/2025 00:00:00 -05:00,00:03:03.6066940
1063545865,MNQU5,06/24/2025 15:37:40 +01:00,06/24/2025 15:40:43 +01:00,22318.500000000,22319.000000000,0.74000,-1.000000000,1,Short,06/24/2025 00:00:00 -05:00,00:03:02.8908520
1071047399,MNQU5,06/26/2025 11:33:12 +01:00,06/26/2025 12:01:58 +01:00,22573.750000000,22558.250000000,2.22000,93.000000000,3,Short,06/26/2025 00:00:00 -05:00,00:28:45.8637760
1063608024,MNQU5,06/24/2025 15:41:14 +01:00,06/24/2025 15:47:11 +01:00,22327.750000000,22330.750000000,0.74000,-6.000000000,1,Short,06/24/2025 00:00:00 -05:00,00:05:57.5228820
1063608025,MNQU5,06/24/2025 15:41:15 +01:00,06/24/2025 15:47:11 +01:00,22328.000000000,22330.750000000,0.74000,-5.500000000,1,Short,06/24/2025 00:00:00 -05:00,00:05:56.1083610
1063608026,MNQU5,06/24/2025 15:41:16 +01:00,06/24/2025 15:47:11 +01:00,22329.250000000,22330.750000000,0.74000,-3.000000000,1,Short,06/24/2025 00:00:00 -05:00,00:05:55.0578090
1041078059,MNQU5,06/17/2025 07:45:17 +01:00,06/17/2025 14:24:34 +01:00,22101.750000000,22051.750000000,0.74000,-100.000000000,1,Long,06/17/2025 00:00:00 -05:00,06:39:16.6961490
1041087839,MNQU5,06/17/2025 14:22:47 +01:00,06/17/2025 14:27:28 +01:00,22053.750000000,22053.250000000,0.74000,-1.000000000,1,Long,06/17/2025 00:00:00 -05:00,00:04:40.8077240
1028035558,MNQM5,06/12/2025 15:08:44 +01:00,06/12/2025 15:42:08 +01:00,21895.000000000,21939.250000000,0.74000,88.500000000,1,Long,06/12/2025 00:00:00 -05:00,00:33:24.0852540
1028035559,MNQM5,06/12/2025 15:26:15 +01:00,06/12/2025 15:42:08 +01:00,21912.250000000,21939.250000000,0.74000,54.000000000,1,Long,06/12/2025 00:00:00 -05:00,00:15:52.7401500
1041124466,MNQU5,06/17/2025 14:30:23 +01:00,06/17/2025 14:30:35 +01:00,22096.500000000,22094.000000000,0.74000,-5.000000000,1,Long,06/17/2025 00:00:00 -05:00,00:00:12.5291730
1028109651,MNQM5,06/12/2025 15:53:36 +01:00,06/12/2025 15:54:00 +01:00,21937.750000000,21937.750000000,0.74000,0.000000000,1,Short,06/12/2025 00:00:00 -05:00,00:00:24.2853710
1028127232,MNQM5,06/12/2025 15:56:25 +01:00,06/12/2025 15:57:02 +01:00,21941.000000000,21940.250000000,0.74000,-1.500000000,1,Long,06/12/2025 00:00:00 -05:00,00:00:36.8494780
1028157826,MNQM5,06/12/2025 15:58:49 +01:00,06/12/2025 16:00:08 +01:00,21933.500000000,21939.500000000,0.74000,-12.000000000,1,Short,06/12/2025 00:00:00 -05:00,00:01:19.2570680
1028169764,MNQM5,06/12/2025 16:00:48 +01:00,06/12/2025 16:01:30 +01:00,21942.250000000,21944.750000000,0.74000,-5.000000000,1,Short,06/12/2025 00:00:00 -05:00,00:00:42.5569780
1041243236,MNQU5,06/17/2025 14:32:51 +01:00,06/17/2025 14:39:50 +01:00,22082.750000000,22079.750000000,0.74000,-6.000000000,1,Long,06/17/2025 00:00:00 -05:00,00:06:58.5608570
1028288834,MNQM5,06/12/2025 16:10:40 +01:00,06/12/2025 16:13:02 +01:00,21947.750000000,21949.000000000,0.74000,2.500000000,1,Long,06/12/2025 00:00:00 -05:00,00:02:22.0647910
1041419956,MNQU5,06/17/2025 14:46:30 +01:00,06/17/2025 14:49:25 +01:00,22041.250000000,22058.000000000,3.70000,-167.500000000,5,Short,06/17/2025 00:00:00 -05:00,00:02:55.4239970
1028421359,MNQM5,06/12/2025 16:18:18 +01:00,06/12/2025 16:23:28 +01:00,21930.750000000,21906.000000000,0.74000,49.500000000,1,Short,06/12/2025 00:00:00 -05:00,00:05:10.0033460
1023268763,MNQM5,06/11/2025 15:50:31 +01:00,06/11/2025 15:52:05 +01:00,22043.000000000,22054.000000000,0.74000,-22.000000000,1,Short,06/11/2025 00:00:00 -05:00,00:01:33.5951980
1054571381,MNQU5,06/20/2025 16:28:00 +01:00,06/20/2025 16:28:39 +01:00,21867.250000000,21867.250000000,3.70000,0.000000000,5,Short,06/20/2025 00:00:00 -05:00,00:00:39.6010200
1054581237,MNQU5,06/20/2025 16:28:45 +01:00,06/20/2025 16:30:29 +01:00,21867.000000000,21866.750000000,2.22000,1.500000000,3,Short,06/20/2025 00:00:00 -05:00,00:01:43.6381470
1054586396,MNQU5,06/20/2025 16:30:36 +01:00,06/20/2025 16:31:04 +01:00,21868.250000000,21867.500000000,3.70000,-7.500000000,5,Long,06/20/2025 00:00:00 -05:00,00:00:27.5080520
1054596103,MNQU5,06/20/2025 16:31:32 +01:00,06/20/2025 16:32:41 +01:00,21874.750000000,21881.500000000,3.70000,-67.500000000,5,Short,06/20/2025 00:00:00 -05:00,00:01:09.0273310
1054605424,MNQU5,06/20/2025 16:32:51 +01:00,06/20/2025 16:33:42 +01:00,21882.500000000,21890.000000000,3.70000,75.000000000,5,Long,06/20/2025 00:00:00 -05:00,00:00:50.7765870
1054611306,MNQU5,06/20/2025 16:34:13 +01:00,06/20/2025 16:34:30 +01:00,21894.750000000,21892.750000000,3.70000,-20.000000000,5,Long,06/20/2025 00:00:00 -05:00,00:00:17.0593530
1028901142,MNQM5,06/12/2025 16:34:03 +01:00,06/12/2025 17:28:19 +01:00,21903.000000000,21951.000000000,0.74000,-96.000000000,1,Short,06/12/2025 00:00:00 -05:00,00:54:15.8521920
1041826434,MNQU5,06/17/2025 15:11:14 +01:00,06/17/2025 15:19:26 +01:00,22111.250000000,22111.000000000,3.70000,2.500000000,5,Short,06/17/2025 00:00:00 -05:00,00:08:12.1195310
1041849275,MNQU5,06/17/2025 15:20:09 +01:00,06/17/2025 15:21:44 +01:00,22113.750000000,22114.500000000,0.74000,-1.500000000,1,Short,06/17/2025 00:00:00 -05:00,00:01:35.8082140
1041859415,MNQU5,06/17/2025 15:20:32 +01:00,06/17/2025 15:23:28 +01:00,22114.000000000,22114.000000000,0.74000,0.000000000,1,Short,06/17/2025 00:00:00 -05:00,00:02:56.5717560
1041859433,MNQU5,06/17/2025 15:22:30 +01:00,06/17/2025 15:23:28 +01:00,22108.750000000,22113.750000000,0.74000,-10.000000000,1,Short,06/17/2025 00:00:00 -05:00,00:00:58.5160230
1041864450,MNQU5,06/17/2025 15:23:16 +01:00,06/17/2025 15:24:23 +01:00,22109.500000000,22112.750000000,0.74000,-6.500000000,1,Short,06/17/2025 00:00:00 -05:00,00:01:07.1600530
1064076788,MNQU5,06/24/2025 16:44:46 +01:00,06/24/2025 16:48:01 +01:00,22379.750000000,22379.500000000,0.74000,0.500000000,1,Short,06/24/2025 00:00:00 -05:00,00:03:15.4232630
1064076789,MNQU5,06/24/2025 16:44:47 +01:00,06/24/2025 16:48:01 +01:00,22379.500000000,22379.500000000,0.74000,0.000000000,1,Short,06/24/2025 00:00:00 -05:00,00:03:14.6739240
1064076790,MNQU5,06/24/2025 16:44:48 +01:00,06/24/2025 16:48:01 +01:00,22379.500000000,22379.500000000,0.74000,0.000000000,1,Short,06/24/2025 00:00:00 -05:00,00:03:13.5062490
1041877276,MNQU5,06/17/2025 15:23:16 +01:00,06/17/2025 15:24:59 +01:00,22109.250000000,22103.000000000,0.74000,12.500000000,1,Short,06/17/2025 00:00:00 -05:00,00:01:42.9796300
1041878652,MNQU5,06/17/2025 15:24:44 +01:00,06/17/2025 15:25:05 +01:00,22101.500000000,22105.500000000,0.74000,-8.000000000,1,Short,06/17/2025 00:00:00 -05:00,00:00:20.9593840
1041877335,MNQU5,06/17/2025 15:24:43 +01:00,06/17/2025 15:24:59 +01:00,22101.500000000,22102.500000000,0.74000,-2.000000000,1,Short,06/17/2025 00:00:00 -05:00,00:00:15.6800730
1041878591,MNQU5,06/17/2025 15:24:44 +01:00,06/17/2025 15:25:05 +01:00,22101.250000000,22104.750000000,0.74000,-7.000000000,1,Short,06/17/2025 00:00:00 -05:00,00:00:21.0261450
1041884417,MNQU5,06/17/2025 15:25:23 +01:00,06/17/2025 15:25:28 +01:00,22100.500000000,22098.500000000,0.74000,4.000000000,1,Short,06/17/2025 00:00:00 -05:00,00:00:04.7597590
1041884204,MNQU5,06/17/2025 15:24:45 +01:00,06/17/2025 15:25:27 +01:00,22097.250000000,22097.250000000,0.74000,0.000000000,1,Short,06/17/2025 00:00:00 -05:00,00:00:42.0171670
1041896096,MNQU5,06/17/2025 15:25:26 +01:00,06/17/2025 15:26:47 +01:00,22097.750000000,22101.250000000,0.74000,-7.000000000,1,Short,06/17/2025 00:00:00 -05:00,00:01:20.5098740
1041895673,MNQU5,06/17/2025 15:25:26 +01:00,06/17/2025 15:26:44 +01:00,22097.750000000,22100.500000000,0.74000,-5.500000000,1,Short,06/17/2025 00:00:00 -05:00,00:01:18.3923710
1041896170,MNQU5,06/17/2025 15:26:10 +01:00,06/17/2025 15:26:47 +01:00,22103.000000000,22101.250000000,0.74000,3.500000000,1,Short,06/17/2025 00:00:00 -05:00,00:00:36.6075640
1041895581,MNQU5,06/17/2025 15:25:26 +01:00,06/17/2025 15:26:44 +01:00,22097.250000000,22100.500000000,0.74000,-6.500000000,1,Short,06/17/2025 00:00:00 -05:00,00:01:18.7291760
1041895470,MNQU5,06/17/2025 15:25:24 +01:00,06/17/2025 15:26:44 +01:00,22097.250000000,22101.000000000,0.74000,-7.500000000,1,Short,06/17/2025 00:00:00 -05:00,00:01:19.2544730
1041895577,MNQU5,06/17/2025 15:25:26 +01:00,06/17/2025 15:26:44 +01:00,22097.250000000,22100.500000000,0.74000,-6.500000000,1,Short,06/17/2025 00:00:00 -05:00,00:01:18.7281630
1041900024,MNQU5,06/17/2025 15:27:05 +01:00,06/17/2025 15:27:17 +01:00,22097.500000000,22100.500000000,0.74000,-6.000000000,1,Short,06/17/2025 00:00:00 -05:00,00:00:12.1760690
1041900049,MNQU5,06/17/2025 15:27:05 +01:00,06/17/2025 15:27:17 +01:00,22097.250000000,22100.500000000,0.74000,-6.500000000,1,Short,06/17/2025 00:00:00 -05:00,00:00:12.1912980
1041898589,MNQU5,06/17/2025 15:26:31 +01:00,06/17/2025 15:27:07 +01:00,22097.500000000,22098.000000000,0.74000,-1.000000000,1,Short,06/17/2025 00:00:00 -05:00,00:00:36.9251250
1041898693,MNQU5,06/17/2025 15:26:31 +01:00,06/17/2025 15:27:09 +01:00,22096.750000000,22097.250000000,0.74000,-1.000000000,1,Short,06/17/2025 00:00:00 -05:00,00:00:37.9988670
1041899796,MNQU5,06/17/2025 15:26:32 +01:00,06/17/2025 15:27:16 +01:00,22097.500000000,22100.000000000,0.74000,-5.000000000,1,Short,06/17/2025 00:00:00 -05:00,00:00:43.5255710
1041900193,MNQU5,06/17/2025 15:27:05 +01:00,06/17/2025 15:27:18 +01:00,22097.000000000,22101.750000000,0.74000,-9.500000000,1,Short,06/17/2025 00:00:00 -05:00,00:00:13.1908780
1041899741,MNQU5,06/17/2025 15:26:31 +01:00,06/17/2025 15:27:15 +01:00,22098.000000000,22099.500000000,0.74000,-3.000000000,1,Short,06/17/2025 00:00:00 -05:00,00:00:44.0687030
1041903545,MNQU5,06/17/2025 15:27:47 +01:00,06/17/2025 15:27:50 +01:00,22101.250000000,22105.000000000,11.10000,-112.500000000,15,Short,06/17/2025 00:00:00 -05:00,00:00:03.6607790
1054849934,MNQU5,06/20/2025 17:06:27 +01:00,06/20/2025 17:13:49 +01:00,21858.250000000,21859.000000000,0.74000,1.500000000,1,Long,06/20/2025 00:00:00 -05:00,00:07:22.2728550
1024010178,MNQM5,06/11/2025 16:13:43 +01:00,06/11/2025 17:19:56 +01:00,22023.750000000,21937.750000000,0.74000,172.000000000,1,Short,06/11/2025 00:00:00 -05:00,01:06:12.2661760
1036119871,MNQU5,06/16/2025 07:10:34 +01:00,06/16/2025 12:17:27 +01:00,21949.750000000,21987.250000000,0.74000,-75.000000000,1,Short,06/16/2025 00:00:00 -05:00,05:06:53.3953490
1064202143,MNQU5,06/24/2025 16:48:51 +01:00,06/24/2025 17:05:05 +01:00,22379.000000000,22378.500000000,0.74000,1.000000000,1,Short,06/24/2025 00:00:00 -05:00,00:16:13.3154730
1064202147,MNQU5,06/24/2025 16:48:51 +01:00,06/24/2025 17:05:05 +01:00,22379.000000000,22378.500000000,0.74000,1.000000000,1,Short,06/24/2025 00:00:00 -05:00,00:16:13.1405010
1029513830,MNQM5,06/12/2025 17:32:54 +01:00,06/12/2025 19:41:50 +01:00,21936.000000000,21924.750000000,0.74000,22.500000000,1,Short,06/12/2025 00:00:00 -05:00,02:08:56.1232560
1055187739,MNQU5,06/20/2025 17:14:56 +01:00,06/20/2025 18:23:41 +01:00,21858.750000000,21846.000000000,0.74000,-25.500000000,1,Long,06/20/2025 00:00:00 -05:00,01:08:45.3850740
1064233085,MNQU5,06/24/2025 17:06:29 +01:00,06/24/2025 17:10:40 +01:00,22373.250000000,22372.000000000,0.74000,2.500000000,1,Short,06/24/2025 00:00:00 -05:00,00:04:10.9914140
1064233086,MNQU5,06/24/2025 17:06:29 +01:00,06/24/2025 17:10:40 +01:00,22373.250000000,22372.000000000,0.74000,2.500000000,1,Short,06/24/2025 00:00:00 -05:00,00:04:10.8810600
1064233087,MNQU5,06/24/2025 17:08:47 +01:00,06/24/2025 17:10:40 +01:00,22370.500000000,22372.000000000,0.74000,-3.000000000,1,Short,06/24/2025 00:00:00 -05:00,00:01:52.9658410
1055207720,MNQU5,06/20/2025 17:26:33 +01:00,06/20/2025 18:27:22 +01:00,21863.500000000,21819.250000000,0.74000,-88.500000000,1,Long,06/20/2025 00:00:00 -05:00,01:00:48.6326960
1036463984,MNQU5,06/16/2025 14:18:23 +01:00,06/16/2025 14:31:56 +01:00,22031.000000000,22081.250000000,0.74000,-100.500000000,1,Short,06/16/2025 00:00:00 -05:00,00:13:33.1406620
1036463986,MNQU5,06/16/2025 14:31:52 +01:00,06/16/2025 14:31:56 +01:00,22074.750000000,22081.250000000,0.74000,-13.000000000,1,Short,06/16/2025 00:00:00 -05:00,00:00:04.4520370
1064252152,MNQU5,06/24/2025 17:13:22 +01:00,06/24/2025 17:13:53 +01:00,22368.500000000,22367.750000000,2.22000,4.500000000,3,Short,06/24/2025 00:00:00 -05:00,00:00:31.1358550
1064252153,MNQU5,06/24/2025 17:13:23 +01:00,06/24/2025 17:13:53 +01:00,22367.500000000,22367.750000000,2.22000,-1.500000000,3,Short,06/24/2025 00:00:00 -05:00,00:00:30.2922590
1055266814,MNQU5,06/20/2025 18:13:47 +01:00,06/20/2025 18:37:07 +01:00,21888.250000000,21776.750000000,0.74000,-223.000000000,1,Long,06/20/2025 00:00:00 -05:00,00:23:20.2921260
1036491845,MNQU5,06/16/2025 14:32:38 +01:00,06/16/2025 14:33:05 +01:00,22073.500000000,22074.750000000,0.74000,-2.500000000,1,Short,06/16/2025 00:00:00 -05:00,00:00:26.7629940
1036491846,MNQU5,06/16/2025 14:32:44 +01:00,06/16/2025 14:33:05 +01:00,22071.500000000,22074.750000000,0.74000,-6.500000000,1,Short,06/16/2025 00:00:00 -05:00,00:00:21.0888420
1036533159,MNQU5,06/16/2025 14:33:52 +01:00,06/16/2025 14:35:36 +01:00,22072.750000000,22073.000000000,0.74000,-0.500000000,1,Short,06/16/2025 00:00:00 -05:00,00:01:43.7065810
1036533165,MNQU5,06/16/2025 14:34:29 +01:00,06/16/2025 14:35:36 +01:00,22073.000000000,22073.000000000,0.74000,0.000000000,1,Short,06/16/2025 00:00:00 -05:00,00:01:06.5942290
1029685505,MNQM5,06/12/2025 20:25:44 +01:00,06/12/2025 20:27:11 +01:00,21932.250000000,21935.500000000,0.74000,-6.500000000,1,Short,06/12/2025 00:00:00 -05:00,00:01:27.1146140
1029685506,MNQM5,06/12/2025 20:25:46 +01:00,06/12/2025 20:27:11 +01:00,21933.000000000,21935.500000000,0.74000,-5.000000000,1,Short,06/12/2025 00:00:00 -05:00,00:01:25.0977110
1036553197,MNQU5,06/16/2025 14:35:57 +01:00,06/16/2025 14:36:59 +01:00,22069.000000000,22070.000000000,0.74000,-2.000000000,1,Short,06/16/2025 00:00:00 -05:00,00:01:02.6902720
1036553198,MNQU5,06/16/2025 14:35:59 +01:00,06/16/2025 14:36:59 +01:00,22068.750000000,22070.000000000,0.74000,-2.500000000,1,Short,06/16/2025 00:00:00 -05:00,00:01:00.7925550
1055343254,MNQU5,06/20/2025 18:45:14 +01:00,06/20/2025 18:52:46 +01:00,21807.750000000,21815.250000000,2.22000,45.000000000,3,Long,06/20/2025 00:00:00 -05:00,00:07:31.8495340
1064322883,MNQU5,06/24/2025 17:14:19 +01:00,06/24/2025 17:26:42 +01:00,22366.000000000,22391.250000000,2.22000,-151.500000000,3,Short,06/24/2025 00:00:00 -05:00,00:12:23.4992720
1036808514,MNQU5,06/16/2025 14:37:46 +01:00,06/16/2025 14:53:51 +01:00,22070.750000000,22127.500000000,0.74000,-113.500000000,1,Short,06/16/2025 00:00:00 -05:00,00:16:04.7201930
1055618592,MNQU5,06/20/2025 19:39:10 +01:00,06/20/2025 20:07:57 +01:00,21879.000000000,21816.250000000,2.22000,376.500000000,3,Short,06/20/2025 00:00:00 -05:00,00:28:47.2476090
1037068530,MNQU5,06/16/2025 15:11:14 +01:00,06/16/2025 15:12:09 +01:00,22156.000000000,22179.250000000,0.74000,-46.500000000,1,Short,06/16/2025 00:00:00 -05:00,00:00:54.6814570
1037436573,MNQU5,06/16/2025 15:48:47 +01:00,06/16/2025 15:51:21 +01:00,22190.750000000,22183.500000000,0.74000,14.500000000,1,Short,06/16/2025 00:00:00 -05:00,00:02:34.2569350
1037544448,MNQU5,06/16/2025 15:59:02 +01:00,06/16/2025 16:03:59 +01:00,22178.250000000,22179.250000000,0.74000,2.000000000,1,Long,06/16/2025 00:00:00 -05:00,00:04:57.4909470
1037544449,MNQU5,06/16/2025 15:59:41 +01:00,06/16/2025 16:03:59 +01:00,22179.500000000,22179.250000000,0.74000,-0.500000000,1,Long,06/16/2025 00:00:00 -05:00,00:04:18.0404820
1037561426,MNQU5,06/16/2025 16:04:48 +01:00,06/16/2025 16:05:27 +01:00,22182.500000000,22188.750000000,0.74000,-12.500000000,1,Short,06/16/2025 00:00:00 -05:00,00:00:38.6417650
1037561427,MNQU5,06/16/2025 16:04:57 +01:00,06/16/2025 16:05:27 +01:00,22189.500000000,22188.750000000,0.74000,1.500000000,1,Short,06/16/2025 00:00:00 -05:00,00:00:30.1445450
1072759200,MNQU5,06/26/2025 16:15:09 +01:00,06/26/2025 16:16:22 +01:00,22587.250000000,22604.500000000,2.22000,-103.500000000,3,Short,06/26/2025 00:00:00 -05:00,00:01:13.1613130
1038110562,MNQU5,06/16/2025 17:21:35 +01:00,06/16/2025 17:26:35 +01:00,22187.000000000,22167.250000000,0.74000,39.500000000,1,Short,06/16/2025 00:00:00 -05:00,00:05:00.0839710
1038110565,MNQU5,06/16/2025 17:21:45 +01:00,06/16/2025 17:26:35 +01:00,22186.250000000,22167.250000000,0.74000,38.000000000,1,Short,06/16/2025 00:00:00 -05:00,00:04:49.1020020
1038110567,MNQU5,06/16/2025 17:24:36 +01:00,06/16/2025 17:26:35 +01:00,22174.250000000,22167.250000000,0.74000,14.000000000,1,Short,06/16/2025 00:00:00 -05:00,00:01:58.7844840
1038110568,MNQU5,06/16/2025 17:24:36 +01:00,06/16/2025 17:26:35 +01:00,22174.250000000,22167.250000000,0.74000,14.000000000,1,Short,06/16/2025 00:00:00 -05:00,00:01:58.5438440
1038110570,MNQU5,06/16/2025 17:25:41 +01:00,06/16/2025 17:26:35 +01:00,22167.750000000,22167.250000000,0.74000,1.000000000,1,Short,06/16/2025 00:00:00 -05:00,00:00:53.9789290
1038196673,MNQU5,06/16/2025 17:42:08 +01:00,06/16/2025 17:43:23 +01:00,22148.250000000,22154.250000000,3.70000,-60.000000000,5,Short,06/16/2025 00:00:00 -05:00,00:01:15.6531410
1038348574,MNQU5,06/16/2025 18:11:47 +01:00,06/16/2025 18:13:26 +01:00,22161.500000000,22153.250000000,3.70000,82.500000000,5,Short,06/16/2025 00:00:00 -05:00,00:01:39.6201460
1072983125,MNQU5,06/26/2025 16:24:15 +01:00,06/26/2025 16:40:24 +01:00,22601.500000000,22596.000000000,2.22000,33.000000000,3,Short,06/26/2025 00:00:00 -05:00,00:16:09.4719330
1072983126,MNQU5,06/26/2025 16:35:26 +01:00,06/26/2025 16:40:24 +01:00,22585.500000000,22596.000000000,2.22000,-63.000000000,3,Short,06/26/2025 00:00:00 -05:00,00:04:58.5674570
1072994956,MNQU5,06/26/2025 16:41:04 +01:00,06/26/2025 16:42:36 +01:00,22596.500000000,22604.750000000,2.22000,-49.500000000,3,Short,06/26/2025 00:00:00 -05:00,00:01:32.4671350
1073009062,MNQU5,06/26/2025 16:43:38 +01:00,06/26/2025 16:45:03 +01:00,22598.500000000,22597.500000000,2.22000,6.000000000,3,Short,06/26/2025 00:00:00 -05:00,00:01:24.8419450
1073009065,MNQU5,06/26/2025 16:44:07 +01:00,06/26/2025 16:45:03 +01:00,22595.750000000,22597.500000000,2.22000,-10.500000000,3,Short,06/26/2025 00:00:00 -05:00,00:00:55.8666570
1073028373,MNQU5,06/26/2025 16:45:22 +01:00,06/26/2025 16:48:29 +01:00,22599.750000000,22604.500000000,3.70000,-47.500000000,5,Short,06/26/2025 00:00:00 -05:00,00:03:06.3571420
1073067349,MNQU5,06/26/2025 16:51:13 +01:00,06/26/2025 16:54:38 +01:00,22597.250000000,22619.750000000,2.22000,-135.000000000,3,Short,06/26/2025 00:00:00 -05:00,00:03:25.4609410
1073067353,MNQU5,06/26/2025 16:54:10 +01:00,06/26/2025 16:54:38 +01:00,22605.500000000,22619.750000000,2.22000,-85.500000000,3,Short,06/26/2025 00:00:00 -05:00,00:00:28.3824350
1073088231,MNQU5,06/26/2025 16:54:45 +01:00,06/26/2025 16:58:01 +01:00,22611.500000000,22611.500000000,2.22000,0.000000000,3,Short,06/26/2025 00:00:00 -05:00,00:03:16.2401580
1073088234,MNQU5,06/26/2025 16:54:46 +01:00,06/26/2025 16:58:01 +01:00,22611.750000000,22611.500000000,2.22000,1.500000000,3,Short,06/26/2025 00:00:00 -05:00,00:03:15.6811010
1073088235,MNQU5,06/26/2025 16:54:46 +01:00,06/26/2025 16:58:01 +01:00,22611.250000000,22611.500000000,2.22000,-1.500000000,3,Short,06/26/2025 00:00:00 -05:00,00:03:14.7664280
1038629242,MNQU5,06/16/2025 19:05:30 +01:00,06/16/2025 19:06:36 +01:00,22177.750000000,22182.750000000,3.70000,-50.000000000,5,Short,06/16/2025 00:00:00 -05:00,00:01:05.3725730
1073165620,MNQU5,06/26/2025 17:00:14 +01:00,06/26/2025 17:11:26 +01:00,22608.250000000,22621.500000000,2.22000,-79.500000000,3,Short,06/26/2025 00:00:00 -05:00,00:11:11.3175080
1073179925,MNQU5,06/26/2025 17:10:18 +01:00,06/26/2025 17:15:47 +01:00,22620.000000000,22619.250000000,2.22000,4.500000000,3,Short,06/26/2025 00:00:00 -05:00,00:05:28.9792240
1073188277,MNQU5,06/26/2025 17:14:41 +01:00,06/26/2025 17:17:38 +01:00,22619.250000000,22619.000000000,0.74000,0.500000000,1,Short,06/26/2025 00:00:00 -05:00,00:02:57.7712160
1073188278,MNQU5,06/26/2025 17:15:17 +01:00,06/26/2025 17:17:38 +01:00,22618.500000000,22619.000000000,2.22000,-3.000000000,3,Short,06/26/2025 00:00:00 -05:00,00:02:21.2214610
1073187842,MNQU5,06/26/2025 17:13:58 +01:00,06/26/2025 17:17:31 +01:00,22619.000000000,22619.000000000,2.22000,0.000000000,3,Short,06/26/2025 00:00:00 -05:00,00:03:32.4565380
1073187843,MNQU5,06/26/2025 17:14:41 +01:00,06/26/2025 17:17:31 +01:00,22619.250000000,22619.000000000,1.48000,1.000000000,2,Short,06/26/2025 00:00:00 -05:00,00:02:49.9234190
1073199710,MNQU5,06/26/2025 17:18:48 +01:00,06/26/2025 17:20:56 +01:00,22619.000000000,22622.750000000,3.70000,37.500000000,5,Long,06/26/2025 00:00:00 -05:00,00:02:08.1625650
1073199712,MNQU5,06/26/2025 17:19:13 +01:00,06/26/2025 17:20:56 +01:00,22621.750000000,22622.750000000,3.70000,10.000000000,5,Long,06/26/2025 00:00:00 -05:00,00:01:42.5325330
1073220013,MNQU5,06/26/2025 17:21:40 +01:00,06/26/2025 17:25:41 +01:00,22625.250000000,22621.000000000,2.22000,25.500000000,3,Short,06/26/2025 00:00:00 -05:00,00:04:01.5769920
1073220014,MNQU5,06/26/2025 17:22:38 +01:00,06/26/2025 17:25:41 +01:00,22625.250000000,22621.000000000,2.22000,25.500000000,3,Short,06/26/2025 00:00:00 -05:00,00:03:03.2892970
1073232181,MNQU5,06/26/2025 17:26:14 +01:00,06/26/2025 17:28:25 +01:00,22621.500000000,22617.000000000,2.22000,27.000000000,3,Short,06/26/2025 00:00:00 -05:00,00:02:10.6749260
1073232182,MNQU5,06/26/2025 17:26:46 +01:00,06/26/2025 17:28:25 +01:00,22621.750000000,22617.000000000,2.22000,28.500000000,3,Short,06/26/2025 00:00:00 -05:00,00:01:39.1938670
1050281355,MNQU5,06/19/2025 13:13:18 +01:00,06/19/2025 13:50:28 +01:00,21799.250000000,21756.000000000,0.74000,86.500000000,1,Short,06/19/2025 00:00:00 -05:00,00:37:09.3450780
1038695085,MNQU5,06/16/2025 19:06:59 +01:00,06/16/2025 19:23:36 +01:00,22177.750000000,22175.500000000,0.74000,4.500000000,1,Short,06/16/2025 00:00:00 -05:00,00:16:37.0302650
1038695086,MNQU5,06/16/2025 19:13:47 +01:00,06/16/2025 19:23:36 +01:00,22170.750000000,22175.500000000,0.74000,-9.500000000,1,Short,06/16/2025 00:00:00 -05:00,00:09:49.2600030
1038695087,MNQU5,06/16/2025 19:15:13 +01:00,06/16/2025 19:23:36 +01:00,22178.500000000,22175.500000000,0.74000,6.000000000,1,Short,06/16/2025 00:00:00 -05:00,00:08:22.9845280
1073316504,MNQU5,06/26/2025 17:29:06 +01:00,06/26/2025 17:45:53 +01:00,22615.500000000,22601.250000000,2.22000,85.500000000,3,Short,06/26/2025 00:00:00 -05:00,00:16:46.2787440
1073316505,MNQU5,06/26/2025 17:29:29 +01:00,06/26/2025 17:45:53 +01:00,22612.750000000,22601.250000000,0.74000,23.000000000,1,Short,06/26/2025 00:00:00 -05:00,00:16:23.3061790
1073379714,MNQU5,06/26/2025 17:29:29 +01:00,06/26/2025 18:01:38 +01:00,22612.750000000,22609.750000000,1.48000,12.000000000,2,Short,06/26/2025 00:00:00 -05:00,00:32:08.1010780
1073379715,MNQU5,06/26/2025 17:39:11 +01:00,06/26/2025 18:01:38 +01:00,22607.500000000,22609.750000000,1.48000,-9.000000000,2,Short,06/26/2025 00:00:00 -05:00,00:22:26.1345290
1065303541,MNQU5,06/24/2025 17:34:32 +01:00,06/24/2025 20:55:30 +01:00,22390.750000000,22418.250000000,2.22000,-165.000000000,3,Short,06/24/2025 00:00:00 -05:00,03:20:58.4617700
1065303542,MNQU5,06/24/2025 17:40:22 +01:00,06/24/2025 20:55:30 +01:00,22402.750000000,22418.250000000,2.22000,-93.000000000,3,Short,06/24/2025 00:00:00 -05:00,03:15:08.1111820
1065303543,MNQU5,06/24/2025 19:19:48 +01:00,06/24/2025 20:55:30 +01:00,22415.000000000,22418.250000000,2.22000,-19.500000000,3,Short,06/24/2025 00:00:00 -05:00,01:35:42.4733260
1065303544,MNQU5,06/24/2025 19:19:48 +01:00,06/24/2025 20:55:30 +01:00,22415.000000000,22418.250000000,2.22000,-19.500000000,3,Short,06/24/2025 00:00:00 -05:00,01:35:41.8792590
1065382727,MNQU5,06/24/2025 20:56:02 +01:00,06/24/2025 21:10:30 +01:00,22411.500000000,22401.250000000,2.22000,61.500000000,3,Short,06/24/2025 00:00:00 -05:00,00:14:27.2359830
1065461933,MNQU5,06/24/2025 23:22:49 +01:00,06/24/2025 23:30:43 +01:00,22396.500000000,22395.000000000,0.74000,3.000000000,1,Short,06/25/2025 00:00:00 -05:00,00:07:53.8391850
1065461934,MNQU5,06/24/2025 23:24:27 +01:00,06/24/2025 23:30:43 +01:00,22395.750000000,22395.000000000,0.74000,1.500000000,1,Short,06/25/2025 00:00:00 -05:00,00:06:15.8079100
1024726773,MNQM5,06/11/2025 19:06:31 +01:00,06/11/2025 19:15:00 +01:00,21875.750000000,21826.000000000,0.74000,-99.500000000,1,Long,06/11/2025 00:00:00 -05:00,00:08:28.4101560
1038838335,MNQU5,06/16/2025 19:53:54 +01:00,06/16/2025 19:55:29 +01:00,22159.000000000,22166.750000000,0.74000,15.500000000,1,Long,06/16/2025 00:00:00 -05:00,00:01:35.1742790
1038838337,MNQU5,06/16/2025 19:54:34 +01:00,06/16/2025 19:55:29 +01:00,22160.000000000,22166.750000000,0.74000,13.500000000,1,Long,06/16/2025 00:00:00 -05:00,00:00:54.8320230
1038838338,MNQU5,06/16/2025 19:54:41 +01:00,06/16/2025 19:55:29 +01:00,22161.000000000,22166.750000000,0.74000,11.500000000,1,Long,06/16/2025 00:00:00 -05:00,00:00:47.4644980
1038838339,MNQU5,06/16/2025 19:54:42 +01:00,06/16/2025 19:55:29 +01:00,22161.250000000,22166.750000000,0.74000,11.000000000,1,Long,06/16/2025 00:00:00 -05:00,00:00:47.3006410
1038845739,MNQU5,06/16/2025 19:56:26 +01:00,06/16/2025 19:56:48 +01:00,22172.000000000,22171.750000000,3.70000,-2.500000000,5,Long,06/16/2025 00:00:00 -05:00,00:00:22.0563890
1073706268,MNQU5,06/26/2025 17:39:11 +01:00,06/26/2025 19:16:04 +01:00,22607.500000000,22680.000000000,0.74000,-145.000000000,1,Short,06/26/2025 00:00:00 -05:00,01:36:53.0224720
1073706271,MNQU5,06/26/2025 17:49:19 +01:00,06/26/2025 19:16:04 +01:00,22606.000000000,22680.000000000,2.22000,-444.000000000,3,Short,06/26/2025 00:00:00 -05:00,01:26:45.5432380
1073706272,MNQU5,06/26/2025 18:02:58 +01:00,06/26/2025 19:16:04 +01:00,22612.500000000,22680.000000000,2.22000,-405.000000000,3,Short,06/26/2025 00:00:00 -05:00,01:13:06.2309950
1073706275,MNQU5,06/26/2025 18:18:13 +01:00,06/26/2025 19:16:04 +01:00,22623.250000000,22680.000000000,2.22000,-340.500000000,3,Short,06/26/2025 00:00:00 -05:00,00:57:51.9129260
1038850784,MNQU5,06/16/2025 19:57:26 +01:00,06/16/2025 19:57:54 +01:00,22173.250000000,22173.500000000,0.74000,0.500000000,1,Long,06/16/2025 00:00:00 -05:00,00:00:27.6957630
1038850785,MNQU5,06/16/2025 19:57:40 +01:00,06/16/2025 19:57:54 +01:00,22174.750000000,22173.500000000,0.74000,-2.500000000,1,Long,06/16/2025 00:00:00 -05:00,00:00:14.0265750
1038874805,MNQU5,06/16/2025 20:00:04 +01:00,06/16/2025 20:03:42 +01:00,22166.250000000,22161.500000000,0.74000,-9.500000000,1,Long,06/16/2025 00:00:00 -05:00,00:03:38.1237900
1038874789,MNQU5,06/16/2025 19:58:51 +01:00,06/16/2025 20:03:42 +01:00,22172.500000000,22162.000000000,0.74000,-21.000000000,1,Long,06/16/2025 00:00:00 -05:00,00:04:50.2840890
1038877158,MNQU5,06/16/2025 20:00:22 +01:00,06/16/2025 20:04:01 +01:00,22170.500000000,22159.000000000,0.74000,-23.000000000,1,Long,06/16/2025 00:00:00 -05:00,00:03:39.3101560
1038877159,MNQU5,06/16/2025 20:00:31 +01:00,06/16/2025 20:04:01 +01:00,22173.000000000,22159.000000000,0.74000,-28.000000000,1,Long,06/16/2025 00:00:00 -05:00,00:03:30.2059050
1038877160,MNQU5,06/16/2025 20:00:41 +01:00,06/16/2025 20:04:01 +01:00,22171.750000000,22159.000000000,0.74000,-25.500000000,1,Long,06/16/2025 00:00:00 -05:00,00:03:19.3770930
1038884220,MNQU5,06/16/2025 20:05:30 +01:00,06/16/2025 20:06:08 +01:00,22162.500000000,22161.000000000,3.70000,-15.000000000,5,Long,06/16/2025 00:00:00 -05:00,00:00:37.7232300
1038896196,MNQU5,06/16/2025 20:08:45 +01:00,06/16/2025 20:09:06 +01:00,22155.000000000,22149.250000000,3.70000,-57.500000000,5,Long,06/16/2025 00:00:00 -05:00,00:00:21.4678670
1038900028,MNQU5,06/16/2025 20:09:12 +01:00,06/16/2025 20:09:43 +01:00,22148.500000000,22152.750000000,3.70000,-42.500000000,5,Short,06/16/2025 00:00:00 -05:00,00:00:30.6177480
1050610303,MNQU5,06/19/2025 14:38:07 +01:00,06/19/2025 14:51:36 +01:00,21730.000000000,21679.500000000,0.74000,101.000000000,1,Short,06/19/2025 00:00:00 -05:00,00:13:28.4562550
1044568296,MNQU5,06/17/2025 23:18:58 +01:00,06/18/2025 02:02:31 +01:00,21907.000000000,22002.000000000,0.74000,-190.000000000,1,Short,06/18/2025 00:00:00 -05:00,02:43:32.9577300
1044568298,MNQU5,06/17/2025 23:19:33 +01:00,06/18/2025 02:02:31 +01:00,21904.250000000,22002.000000000,0.74000,-195.500000000,1,Short,06/18/2025 00:00:00 -05:00,02:42:57.8442410
1025055514,MNQM5,06/11/2025 19:37:34 +01:00,06/11/2025 20:06:02 +01:00,21893.750000000,21835.750000000,0.74000,-116.000000000,1,Long,06/11/2025 00:00:00 -05:00,00:28:27.2978410
1025070838,MNQM5,06/11/2025 20:07:12 +01:00,06/11/2025 20:08:47 +01:00,21835.000000000,21852.500000000,0.74000,-35.000000000,1,Short,06/11/2025 00:00:00 -05:00,00:01:34.9616630
1025139778,MNQM5,06/11/2025 20:16:46 +01:00,06/11/2025 20:24:29 +01:00,21849.000000000,21868.000000000,0.74000,-38.000000000,1,Short,06/11/2025 00:00:00 -05:00,00:07:43.1110560
1025178626,MNQM5,06/11/2025 20:25:58 +01:00,06/11/2025 20:32:27 +01:00,21873.250000000,21851.500000000,0.74000,-43.500000000,1,Long,06/11/2025 00:00:00 -05:00,00:06:29.5351610
1025211043,MNQM5,06/11/2025 20:37:44 +01:00,06/11/2025 20:38:37 +01:00,21851.500000000,21856.500000000,0.74000,-10.000000000,1,Short,06/11/2025 00:00:00 -05:00,00:00:52.8162000
1050892459,MNQU5,06/19/2025 15:09:41 +01:00,06/19/2025 15:38:07 +01:00,21698.000000000,21708.500000000,0.74000,-21.000000000,1,Short,06/19/2025 00:00:00 -05:00,00:28:25.6770980
1050892465,MNQU5,06/19/2025 15:29:45 +01:00,06/19/2025 15:38:07 +01:00,21719.750000000,21708.500000000,0.74000,22.500000000,1,Short,06/19/2025 00:00:00 -05:00,00:08:21.7480790
1045048163,MNQU5,06/18/2025 06:53:21 +01:00,06/18/2025 07:32:31 +01:00,21984.750000000,22023.250000000,0.74000,-77.000000000,1,Short,06/18/2025 00:00:00 -05:00,00:39:09.8274130
1045048166,MNQU5,06/18/2025 06:53:29 +01:00,06/18/2025 07:32:31 +01:00,21984.750000000,22023.250000000,0.74000,-77.000000000,1,Short,06/18/2025 00:00:00 -05:00,00:39:01.2591500
1045048169,MNQU5,06/18/2025 07:11:31 +01:00,06/18/2025 07:32:31 +01:00,22005.500000000,22023.250000000,0.74000,-35.500000000,1,Short,06/18/2025 00:00:00 -05:00,00:20:59.5531620
1045117922,MNQU5,06/18/2025 08:22:32 +01:00,06/18/2025 08:23:11 +01:00,22020.500000000,22022.000000000,0.74000,-3.000000000,1,Short,06/18/2025 00:00:00 -05:00,00:00:39.1213180
1045117923,MNQU5,06/18/2025 08:22:33 +01:00,06/18/2025 08:23:11 +01:00,22020.250000000,22022.000000000,0.74000,-3.500000000,1,Short,06/18/2025 00:00:00 -05:00,00:00:38.0080800
1031744351,MNQM5,06/13/2025 08:52:35 +01:00,06/13/2025 12:23:47 +01:00,21647.250000000,21648.500000000,0.74000,2.500000000,1,Long,06/13/2025 00:00:00 -05:00,03:31:12.0131470
1066090500,MNQU5,06/25/2025 06:43:00 +01:00,06/25/2025 06:52:28 +01:00,22431.500000000,22431.750000000,0.74000,-0.500000000,1,Short,06/25/2025 00:00:00 -05:00,00:09:28.5656050
1066090504,MNQU5,06/25/2025 06:43:00 +01:00,06/25/2025 06:52:28 +01:00,22431.500000000,22431.750000000,0.74000,-0.500000000,1,Short,06/25/2025 00:00:00 -05:00,00:09:28.1831820
1066090506,MNQU5,06/25/2025 06:43:06 +01:00,06/25/2025 06:52:28 +01:00,22431.500000000,22431.750000000,0.74000,-0.500000000,1,Short,06/25/2025 00:00:00 -05:00,00:09:21.6946270
1066090507,MNQU5,06/25/2025 06:43:07 +01:00,06/25/2025 06:52:28 +01:00,22431.500000000,22431.750000000,0.74000,-0.500000000,1,Short,06/25/2025 00:00:00 -05:00,00:09:21.5318620
1066144881,MNQU5,06/25/2025 06:55:02 +01:00,06/25/2025 07:46:49 +01:00,22427.500000000,22427.750000000,0.74000,-0.500000000,1,Short,06/25/2025 00:00:00 -05:00,00:51:46.5424670
1066144882,MNQU5,06/25/2025 06:55:04 +01:00,06/25/2025 07:46:49 +01:00,22428.000000000,22427.750000000,0.74000,0.500000000,1,Short,06/25/2025 00:00:00 -05:00,00:51:44.4372890
1066403625,MNQU5,06/25/2025 10:42:45 +01:00,06/25/2025 11:02:00 +01:00,22427.500000000,22427.750000000,0.74000,-0.500000000,1,Short,06/25/2025 00:00:00 -05:00,00:19:15.5799320
1066403628,MNQU5,06/25/2025 10:42:45 +01:00,06/25/2025 11:02:00 +01:00,22427.500000000,22427.750000000,0.74000,-0.500000000,1,Short,06/25/2025 00:00:00 -05:00,00:19:15.5116480
1066836576,MNQU5,06/25/2025 14:27:32 +01:00,06/25/2025 14:28:11 +01:00,22498.500000000,22500.250000000,0.74000,-3.500000000,1,Short,06/25/2025 00:00:00 -05:00,00:00:38.8851030
1066836577,MNQU5,06/25/2025 14:27:38 +01:00,06/25/2025 14:28:11 +01:00,22498.750000000,22500.250000000,0.74000,-3.000000000,1,Short,06/25/2025 00:00:00 -05:00,00:00:32.9171240
1066836578,MNQU5,06/25/2025 14:27:42 +01:00,06/25/2025 14:28:11 +01:00,22497.500000000,22500.250000000,0.74000,-5.500000000,1,Short,06/25/2025 00:00:00 -05:00,00:00:29.2527260
1066836579,MNQU5,06/25/2025 14:27:42 +01:00,06/25/2025 14:28:11 +01:00,22497.500000000,22500.250000000,0.74000,-5.500000000,1,Short,06/25/2025 00:00:00 -05:00,00:00:29.0843940
1066836580,MNQU5,06/25/2025 14:28:02 +01:00,06/25/2025 14:28:11 +01:00,22497.500000000,22500.250000000,0.74000,-5.500000000,1,Short,06/25/2025 00:00:00 -05:00,00:00:08.7126360
1066836581,MNQU5,06/25/2025 14:28:02 +01:00,06/25/2025 14:28:11 +01:00,22497.500000000,22500.250000000,0.74000,-5.500000000,1,Short,06/25/2025 00:00:00 -05:00,00:00:08.5596540
1066891413,MNQU5,06/25/2025 14:30:23 +01:00,06/25/2025 14:31:43 +01:00,22513.000000000,22512.500000000,0.74000,-1.000000000,1,Long,06/25/2025 00:00:00 -05:00,00:01:20.1657500
1066891414,MNQU5,06/25/2025 14:30:24 +01:00,06/25/2025 14:31:43 +01:00,22512.750000000,22512.500000000,0.74000,-0.500000000,1,Long,06/25/2025 00:00:00 -05:00,00:01:19.5964190
1066891418,MNQU5,06/25/2025 14:30:25 +01:00,06/25/2025 14:31:43 +01:00,22513.000000000,22512.500000000,0.74000,-1.000000000,1,Long,06/25/2025 00:00:00 -05:00,00:01:18.4270850
1066891420,MNQU5,06/25/2025 14:30:26 +01:00,06/25/2025 14:31:43 +01:00,22511.750000000,22512.500000000,0.74000,1.500000000,1,Long,06/25/2025 00:00:00 -05:00,00:01:17.6405620
1066891421,MNQU5,06/25/2025 14:30:28 +01:00,06/25/2025 14:31:43 +01:00,22513.750000000,22512.500000000,0.74000,-2.500000000,1,Long,06/25/2025 00:00:00 -05:00,00:01:15.6146530
1067074627,MNQU5,06/25/2025 14:42:34 +01:00,06/25/2025 14:43:51 +01:00,22535.250000000,22545.750000000,0.74000,-21.000000000,1,Short,06/25/2025 00:00:00 -05:00,00:01:16.7690710
1067074632,MNQU5,06/25/2025 14:42:36 +01:00,06/25/2025 14:43:51 +01:00,22533.750000000,22545.750000000,0.74000,-24.000000000,1,Short,06/25/2025 00:00:00 -05:00,00:01:15.2129350
1032117045,MNQM5,06/13/2025 12:41:26 +01:00,06/13/2025 14:32:26 +01:00,21677.000000000,21762.500000000,0.74000,171.000000000,1,Long,06/13/2025 00:00:00 -05:00,01:51:00.3789080
1067134633,MNQU5,06/25/2025 14:47:23 +01:00,06/25/2025 14:48:17 +01:00,22525.000000000,22525.250000000,0.74000,-0.500000000,1,Short,06/25/2025 00:00:00 -05:00,00:00:54.0689020
1067134634,MNQU5,06/25/2025 14:47:24 +01:00,06/25/2025 14:48:17 +01:00,22525.250000000,22525.250000000,0.74000,0.000000000,1,Short,06/25/2025 00:00:00 -05:00,00:00:53.7069580
1032156859,MNQM5,06/13/2025 14:33:37 +01:00,06/13/2025 14:35:35 +01:00,21766.250000000,21765.250000000,0.74000,2.000000000,1,Short,06/13/2025 00:00:00 -05:00,00:01:58.3570630
1067527642,MNQU5,06/25/2025 14:51:43 +01:00,06/25/2025 15:11:28 +01:00,22494.500000000,22487.250000000,0.74000,14.500000000,1,Short,06/25/2025 00:00:00 -05:00,00:19:45.1783460
1067527648,MNQU5,06/25/2025 14:51:43 +01:00,06/25/2025 15:11:28 +01:00,22494.500000000,22487.250000000,0.74000,14.500000000,1,Short,06/25/2025 00:00:00 -05:00,00:19:44.4611150
1067527651,MNQU5,06/25/2025 14:52:34 +01:00,06/25/2025 15:11:28 +01:00,22488.750000000,22487.250000000,0.74000,3.000000000,1,Short,06/25/2025 00:00:00 -05:00,00:18:53.9494650
1067527656,MNQU5,06/25/2025 14:52:34 +01:00,06/25/2025 15:11:28 +01:00,22488.750000000,22487.250000000,0.74000,3.000000000,1,Short,06/25/2025 00:00:00 -05:00,00:18:53.7936950
1067527659,MNQU5,06/25/2025 14:52:45 +01:00,06/25/2025 15:11:28 +01:00,22491.250000000,22487.250000000,0.74000,8.000000000,1,Short,06/25/2025 00:00:00 -05:00,00:18:42.7275200
1067527663,MNQU5,06/25/2025 15:06:14 +01:00,06/25/2025 15:11:28 +01:00,22506.250000000,22487.250000000,3.70000,190.000000000,5,Short,06/25/2025 00:00:00 -05:00,00:05:14.3064470
1067622551,MNQU5,06/25/2025 15:14:27 +01:00,06/25/2025 15:16:41 +01:00,22471.000000000,22481.750000000,3.70000,-107.500000000,5,Short,06/25/2025 00:00:00 -05:00,00:02:14.8841530
1067750488,MNQU5,06/25/2025 15:24:48 +01:00,06/25/2025 15:25:23 +01:00,22478.750000000,22486.500000000,2.22000,46.500000000,3,Long,06/25/2025 00:00:00 -05:00,00:00:35.0122890
1067750489,MNQU5,06/25/2025 15:25:00 +01:00,06/25/2025 15:25:23 +01:00,22479.750000000,22486.500000000,0.74000,13.500000000,1,Long,06/25/2025 00:00:00 -05:00,00:00:23.2661820
1067750490,MNQU5,06/25/2025 15:25:00 +01:00,06/25/2025 15:25:23 +01:00,22479.250000000,22486.500000000,0.74000,14.500000000,1,Long,06/25/2025 00:00:00 -05:00,00:00:23.0209380
1067823994,MNQU5,06/25/2025 15:25:35 +01:00,06/25/2025 15:30:32 +01:00,22487.250000000,22498.250000000,3.70000,-110.000000000,5,Short,06/25/2025 00:00:00 -05:00,00:04:56.9851070
1068188225,MNQU5,06/25/2025 15:56:35 +01:00,06/25/2025 16:04:01 +01:00,22486.250000000,22463.250000000,3.70000,230.000000000,5,Short,06/25/2025 00:00:00 -05:00,00:07:25.3722030
1068188228,MNQU5,06/25/2025 16:02:48 +01:00,06/25/2025 16:04:01 +01:00,22480.250000000,22463.250000000,3.70000,170.000000000,5,Short,06/25/2025 00:00:00 -05:00,00:01:13.1372940
1068188229,MNQU5,06/25/2025 16:03:07 +01:00,06/25/2025 16:04:01 +01:00,22475.000000000,22463.250000000,3.70000,117.500000000,5,Short,06/25/2025 00:00:00 -05:00,00:00:53.5132170
1068216955,MNQU5,06/25/2025 16:04:40 +01:00,06/25/2025 16:05:50 +01:00,22465.750000000,22461.000000000,3.70000,47.500000000,5,Short,06/25/2025 00:00:00 -05:00,00:01:10.2412000
1068216958,MNQU5,06/25/2025 16:05:30 +01:00,06/25/2025 16:05:50 +01:00,22470.500000000,22461.000000000,3.70000,95.000000000,5,Short,06/25/2025 00:00:00 -05:00,00:00:19.9185670
1068226189,MNQU5,06/25/2025 16:05:57 +01:00,06/25/2025 16:06:11 +01:00,22458.250000000,22458.000000000,3.70000,2.500000000,5,Short,06/25/2025 00:00:00 -05:00,00:00:14.1859560
1068244527,MNQU5,06/25/2025 16:07:10 +01:00,06/25/2025 16:08:11 +01:00,22464.000000000,22463.500000000,3.70000,5.000000000,5,Short,06/25/2025 00:00:00 -05:00,00:01:01.2833510
1018587276,MNQM5,06/10/2025 14:50:47 +01:00,06/10/2025 15:55:53 +01:00,21873.250000000,21860.000000000,0.74000,-26.500000000,1,Long,06/10/2025 00:00:00 -05:00,01:05:06.5035790
1019223332,MNQM5,06/10/2025 16:33:55 +01:00,06/10/2025 17:01:09 +01:00,21770.500000000,21889.250000000,0.74000,237.500000000,1,Long,06/10/2025 00:00:00 -05:00,00:27:14.0838520
1020332269,MNQM5,06/10/2025 20:22:55 +01:00,06/10/2025 20:38:08 +01:00,21969.500000000,21949.750000000,0.74000,39.500000000,1,Short,06/10/2025 00:00:00 -05:00,00:15:12.7340780
1020332272,MNQM5,06/10/2025 20:35:43 +01:00,06/10/2025 20:38:08 +01:00,21955.250000000,21949.750000000,0.74000,11.000000000,1,Short,06/10/2025 00:00:00 -05:00,00:02:24.7123660
1051389015,MNQU5,06/19/2025 17:16:56 +01:00,06/19/2025 17:45:36 +01:00,21716.750000000,21722.750000000,0.74000,-12.000000000,1,Short,06/19/2025 00:00:00 -05:00,00:28:40.7999510
1051389022,MNQU5,06/19/2025 17:17:26 +01:00,06/19/2025 17:45:36 +01:00,21717.000000000,21722.750000000,0.74000,-11.500000000,1,Short,06/19/2025 00:00:00 -05:00,00:28:10.7965140
1033049657,MNQM5,06/13/2025 15:42:35 +01:00,06/13/2025 15:45:48 +01:00,21733.000000000,21708.500000000,0.74000,49.000000000,1,Short,06/13/2025 00:00:00 -05:00,00:03:13.1592230
1057166692,MNQU5,06/23/2025 06:12:51 +01:00,06/23/2025 08:09:16 +01:00,21813.250000000,21836.750000000,1.48000,-94.000000000,2,Short,06/23/2025 00:00:00 -05:00,01:56:24.5065470
1057529530,MNQU5,06/23/2025 10:30:31 +01:00,06/23/2025 12:13:41 +01:00,21898.000000000,21825.000000000,0.74000,146.000000000,1,Short,06/23/2025 00:00:00 -05:00,01:43:10.4584300
1057529531,MNQU5,06/23/2025 10:31:35 +01:00,06/23/2025 12:13:41 +01:00,21899.000000000,21825.000000000,0.74000,148.000000000,1,Short,06/23/2025 00:00:00 -05:00,01:42:06.5829540
1057590913,MNQU5,06/23/2025 12:41:06 +01:00,06/23/2025 12:42:47 +01:00,21804.500000000,21804.000000000,0.74000,1.000000000,1,Short,06/23/2025 00:00:00 -05:00,00:01:40.5850510
1057963665,MNQU5,06/23/2025 12:41:48 +01:00,06/23/2025 14:32:38 +01:00,21803.750000000,21789.000000000,0.74000,29.500000000,1,Short,06/23/2025 00:00:00 -05:00,01:50:49.9971040
1057963666,MNQU5,06/23/2025 12:43:03 +01:00,06/23/2025 14:32:38 +01:00,21803.750000000,21789.000000000,0.74000,29.500000000,1,Short,06/23/2025 00:00:00 -05:00,01:49:35.2487180
1057963667,MNQU5,06/23/2025 14:31:58 +01:00,06/23/2025 14:32:38 +01:00,21823.500000000,21789.000000000,0.74000,69.000000000,1,Short,06/23/2025 00:00:00 -05:00,00:00:39.6971020
1058029429,MNQU5,06/23/2025 14:34:30 +01:00,06/23/2025 14:35:26 +01:00,21765.000000000,21783.500000000,0.74000,37.000000000,1,Long,06/23/2025 00:00:00 -05:00,00:00:55.5377070
1058029433,MNQU5,06/23/2025 14:34:34 +01:00,06/23/2025 14:35:26 +01:00,21765.000000000,21783.500000000,0.74000,37.000000000,1,Long,06/23/2025 00:00:00 -05:00,00:00:52.2199060
1058065244,MNQU5,06/23/2025 14:35:47 +01:00,06/23/2025 14:36:51 +01:00,21795.750000000,21845.750000000,0.74000,100.000000000,1,Long,06/23/2025 00:00:00 -05:00,00:01:04.2383300
1058593045,MNQU5,06/23/2025 15:12:35 +01:00,06/23/2025 15:18:19 +01:00,21974.750000000,21993.750000000,0.74000,-38.000000000,1,Short,06/23/2025 00:00:00 -05:00,00:05:44.0606980
1058674361,MNQU5,06/23/2025 15:25:23 +01:00,06/23/2025 15:26:41 +01:00,21994.750000000,22000.500000000,0.74000,-11.500000000,1,Short,06/23/2025 00:00:00 -05:00,00:01:17.8796560
1058831450,MNQU5,06/23/2025 15:29:51 +01:00,06/23/2025 15:45:30 +01:00,21982.250000000,22017.000000000,0.74000,-69.500000000,1,Short,06/23/2025 00:00:00 -05:00,00:15:39.1714830
1058831454,MNQU5,06/23/2025 15:30:18 +01:00,06/23/2025 15:45:30 +01:00,21981.750000000,22017.000000000,0.74000,-70.500000000,1,Short,06/23/2025 00:00:00 -05:00,00:15:12.3818170
1058872948,MNQU5,06/23/2025 15:48:32 +01:00,06/23/2025 15:49:05 +01:00,21984.750000000,21987.500000000,0.74000,-5.500000000,1,Short,06/23/2025 00:00:00 -05:00,00:00:33.1514110
1058963055,MNQU5,06/23/2025 15:51:00 +01:00,06/23/2025 15:59:52 +01:00,21994.250000000,21958.500000000,0.74000,71.500000000,1,Short,06/23/2025 00:00:00 -05:00,00:08:51.4516600
1058963057,MNQU5,06/23/2025 15:51:01 +01:00,06/23/2025 15:59:52 +01:00,21995.250000000,21958.500000000,0.74000,73.500000000,1,Short,06/23/2025 00:00:00 -05:00,00:08:50.6349920
1059005420,MNQU5,06/23/2025 16:00:50 +01:00,06/23/2025 16:03:47 +01:00,21955.500000000,21990.500000000,0.74000,-70.000000000,1,Short,06/23/2025 00:00:00 -05:00,00:02:57.2906480
1059005427,MNQU5,06/23/2025 16:01:16 +01:00,06/23/2025 16:03:47 +01:00,21966.250000000,21990.500000000,0.74000,-48.500000000,1,Short,06/23/2025 00:00:00 -05:00,00:02:30.9411370
1059005430,MNQU5,06/23/2025 16:01:53 +01:00,06/23/2025 16:03:47 +01:00,21973.500000000,21990.500000000,0.74000,-34.000000000,1,Short,06/23/2025 00:00:00 -05:00,00:01:54.1552360
1059208631,MNQU5,06/23/2025 16:22:58 +01:00,06/23/2025 16:32:16 +01:00,21978.750000000,21958.500000000,0.74000,40.500000000,1,Short,06/23/2025 00:00:00 -05:00,00:09:18.3901460
1059208632,MNQU5,06/23/2025 16:22:59 +01:00,06/23/2025 16:32:16 +01:00,21977.750000000,21958.500000000,0.74000,38.500000000,1,Short,06/23/2025 00:00:00 -05:00,00:09:17.3566740
1059208633,MNQU5,06/23/2025 16:23:00 +01:00,06/23/2025 16:32:16 +01:00,21978.250000000,21958.500000000,0.74000,39.500000000,1,Short,06/23/2025 00:00:00 -05:00,00:09:16.0898410
1059659033,MNQU5,06/23/2025 17:34:54 +01:00,06/23/2025 17:35:01 +01:00,21799.250000000,21795.750000000,3.70000,-35.000000000,5,Long,06/23/2025 00:00:00 -05:00,00:00:07.4510110
1059652961,MNQU5,06/23/2025 17:33:40 +01:00,06/23/2025 17:34:31 +01:00,21820.250000000,21806.250000000,3.70000,140.000000000,5,Short,06/23/2025 00:00:00 -05:00,00:00:50.8121580
1059671137,MNQU5,06/23/2025 17:35:09 +01:00,06/23/2025 17:35:42 +01:00,21788.750000000,21784.750000000,3.70000,40.000000000,5,Short,06/23/2025 00:00:00 -05:00,00:00:32.8170860
1059700997,MNQU5,06/23/2025 17:37:07 +01:00,06/23/2025 17:37:26 +01:00,21746.000000000,21746.000000000,3.70000,0.000000000,5,Short,06/23/2025 00:00:00 -05:00,00:00:19.0001800
1059717356,MNQU5,06/23/2025 17:37:37 +01:00,06/23/2025 17:38:13 +01:00,21762.000000000,21793.000000000,0.74000,62.000000000,1,Long,06/23/2025 00:00:00 -05:00,00:00:36.7692950
1059717357,MNQU5,06/23/2025 17:37:46 +01:00,06/23/2025 17:38:13 +01:00,21770.750000000,21793.000000000,0.74000,44.500000000,1,Long,06/23/2025 00:00:00 -05:00,00:00:27.6628820
1059727326,MNQU5,06/23/2025 17:38:24 +01:00,06/23/2025 17:38:50 +01:00,21788.250000000,21807.000000000,0.74000,37.500000000,1,Long,06/23/2025 00:00:00 -05:00,00:00:26.5733050
1059758044,MNQU5,06/23/2025 17:39:29 +01:00,06/23/2025 17:41:11 +01:00,21809.500000000,21841.750000000,0.74000,64.500000000,1,Long,06/23/2025 00:00:00 -05:00,00:01:42.0636260
1059791629,MNQU5,06/23/2025 17:43:19 +01:00,06/23/2025 17:44:02 +01:00,21883.750000000,21884.000000000,0.74000,-0.500000000,1,Short,06/23/2025 00:00:00 -05:00,00:00:43.6032060
1059801694,MNQU5,06/23/2025 17:44:25 +01:00,06/23/2025 17:45:21 +01:00,21877.750000000,21908.250000000,0.74000,-61.000000000,1,Short,06/23/2025 00:00:00 -05:00,00:00:56.2297740
1059820456,MNQU5,06/23/2025 17:46:48 +01:00,06/23/2025 17:47:35 +01:00,21894.250000000,21894.250000000,0.74000,0.000000000,1,Short,06/23/2025 00:00:00 -05:00,00:00:47.6466630
1059852743,MNQU5,06/23/2025 17:48:43 +01:00,06/23/2025 17:51:07 +01:00,21855.500000000,21868.250000000,0.74000,25.500000000,1,Long,06/23/2025 00:00:00 -05:00,00:02:24.3442770
1059852745,MNQU5,06/23/2025 17:48:44 +01:00,06/23/2025 17:51:07 +01:00,21856.000000000,21868.250000000,0.74000,24.500000000,1,Long,06/23/2025 00:00:00 -05:00,00:02:23.0902350
1059870971,MNQU5,06/23/2025 17:51:22 +01:00,06/23/2025 17:53:33 +01:00,21874.000000000,21867.250000000,0.74000,-13.500000000,1,Long,06/23/2025 00:00:00 -05:00,00:02:10.6867950
1059870972,MNQU5,06/23/2025 17:52:46 +01:00,06/23/2025 17:53:33 +01:00,21850.250000000,21867.250000000,0.74000,34.000000000,1,Long,06/23/2025 00:00:00 -05:00,00:00:47.3961220
1059904122,MNQU5,06/23/2025 17:55:21 +01:00,06/23/2025 17:57:26 +01:00,21860.000000000,21849.500000000,0.74000,-21.000000000,1,Long,06/23/2025 00:00:00 -05:00,00:02:04.6896180
1059904123,MNQU5,06/23/2025 17:56:04 +01:00,06/23/2025 17:57:26 +01:00,21838.250000000,21849.500000000,0.74000,22.500000000,1,Long,06/23/2025 00:00:00 -05:00,00:01:21.7334490
1059930483,MNQU5,06/23/2025 17:58:04 +01:00,06/23/2025 18:01:09 +01:00,21863.000000000,21839.500000000,0.74000,-47.000000000,1,Long,06/23/2025 00:00:00 -05:00,00:03:05.1000780
1059930484,MNQU5,06/23/2025 18:00:09 +01:00,06/23/2025 18:01:09 +01:00,21839.000000000,21839.500000000,0.74000,1.000000000,1,Long,06/23/2025 00:00:00 -05:00,00:01:00.3562310
1059947945,MNQU5,06/23/2025 18:03:21 +01:00,06/23/2025 18:03:23 +01:00,21874.250000000,21882.000000000,0.74000,15.500000000,1,Long,06/23/2025 00:00:00 -05:00,00:00:01.7847100
1060113990,MNQU5,06/23/2025 18:03:34 +01:00,06/23/2025 18:28:58 +01:00,21889.000000000,22025.000000000,0.74000,-272.000000000,1,Short,06/23/2025 00:00:00 -05:00,00:25:24.8551530
1060166764,MNQU5,06/23/2025 18:37:28 +01:00,06/23/2025 18:37:30 +01:00,22064.250000000,22064.750000000,0.74000,1.000000000,1,Long,06/23/2025 00:00:00 -05:00,00:00:01.8884360
1060501065,MNQU5,06/23/2025 18:44:43 +01:00,06/23/2025 20:05:56 +01:00,22051.250000000,22051.750000000,0.74000,-1.000000000,1,Short,06/23/2025 00:00:00 -05:00,01:21:13.3583140
1060501066,MNQU5,06/23/2025 18:57:32 +01:00,06/23/2025 20:05:56 +01:00,22057.250000000,22051.750000000,0.74000,11.000000000,1,Short,06/23/2025 00:00:00 -05:00,01:08:24.0228740
1060501067,MNQU5,06/23/2025 19:52:45 +01:00,06/23/2025 20:05:56 +01:00,22030.500000000,22051.750000000,0.74000,-42.500000000,1,Short,06/23/2025 00:00:00 -05:00,00:13:11.1178150
1060501068,MNQU5,06/23/2025 19:53:11 +01:00,06/23/2025 20:05:56 +01:00,22025.750000000,22051.750000000,0.74000,-52.000000000,1,Short,06/23/2025 00:00:00 -05:00,00:12:45.3900010
1060542183,MNQU5,06/23/2025 20:18:12 +01:00,06/23/2025 20:18:38 +01:00,22027.000000000,22030.750000000,3.70000,37.500000000,5,Long,06/23/2025 00:00:00 -05:00,00:00:26.1597060
1060551217,MNQU5,06/23/2025 20:19:04 +01:00,06/23/2025 20:21:55 +01:00,22030.750000000,22031.000000000,3.70000,-2.500000000,5,Short,06/23/2025 00:00:00 -05:00,00:02:51.2874780
1060582431,MNQU5,06/23/2025 20:29:28 +01:00,06/23/2025 20:31:13 +01:00,22056.250000000,22055.500000000,0.74000,1.500000000,1,Short,06/23/2025 00:00:00 -05:00,00:01:45.6849520
1060582435,MNQU5,06/23/2025 20:29:55 +01:00,06/23/2025 20:31:13 +01:00,22055.500000000,22055.500000000,0.74000,0.000000000,1,Short,06/23/2025 00:00:00 -05:00,00:01:18.4375060
1062044282,MNQU5,06/24/2025 08:37:01 +01:00,06/24/2025 08:38:58 +01:00,22287.250000000,22316.750000000,0.74000,59.000000000,1,Long,06/24/2025 00:00:00 -05:00,00:01:57.1341980
1062266669,MNQU5,06/24/2025 10:26:15 +01:00,06/24/2025 11:28:02 +01:00,22324.000000000,22299.000000000,0.74000,50.000000000,1,Short,06/24/2025 00:00:00 -05:00,01:01:46.9077360
1062266671,MNQU5,06/24/2025 10:26:21 +01:00,06/24/2025 11:28:02 +01:00,22324.250000000,22299.000000000,0.74000,50.500000000,1,Short,06/24/2025 00:00:00 -05:00,01:01:40.7195620
1069394152,MNQU5,06/25/2025 18:56:39 +01:00,06/25/2025 18:58:32 +01:00,22411.500000000,22409.750000000,3.70000,17.500000000,5,Short,06/25/2025 00:00:00 -05:00,00:01:53.6137250
1069451886,MNQU5,06/25/2025 19:05:19 +01:00,06/25/2025 19:11:10 +01:00,22423.000000000,22422.000000000,2.22000,6.000000000,3,Short,06/25/2025 00:00:00 -05:00,00:05:50.9234920
